	3pg	ac	acgam	akg	cit	f6p	for	glc__D	glu__D	icit	ile__L	met__L	oaa	pep	phe__L	pro__L	pyr	r5p	rib__D	rmn	ser__D	trp__L
A1R12	0 / no growth / no growth / no growth	0 / in community / in community / in community	0 / in community / in community / in community	0 / in community / in community / in community	0 / in community / in community / in community	0 / in community / in community / no growth	0 / in community / in community / in community	0 / in community / in community / in community	0 / no growth / no growth / no growth	0 / no growth / no growth / no growth	0 / in community / in community / in community	0 / in community / in community / in community	0 / in community / in community / in community	0 / no growth / no growth / no growth	0 / in community / in community / in community	0 / in community / in community / in community	0 / in community / in community / in community	0 / in community / in community / in community	0 / in community / in community / in community	0 / in community / in community / in community	0 / in community / in community / in community	0 / in community / in community / in community
A2M03	0 / no growth / no growth / no growth	0 / no growth / no growth / no growth	0 / no growth / no growth / no growth	0 / no growth / no growth / no growth	0 / no growth / no growth / no growth	0 / no growth / no growth / no growth	0 / no growth / no growth / no growth	0 / no growth / no growth / no growth	0 / no growth / no growth / no growth	0 / no growth / no growth / no growth	0 / no growth / no growth / no growth	0 / no growth / no growth / no growth	0 / no growth / no growth / no growth	0 / no growth / no growth / no growth	0 / no growth / no growth / no growth	0 / no growth / no growth / no growth	0 / no growth / no growth / no growth	0 / no growth / no growth / no growth	0 / no growth / no growth / no growth	0 / no growth / no growth / no growth	0 / no growth / no growth / no growth	0 / no growth / no growth / no growth
A3M17	0 / no growth / no growth / no growth	0 / no growth / no growth / no growth	0 / no growth / no growth / no growth	0 / no growth / no growth / no growth	0 / no growth / no growth / no growth	0 / no growth / no growth / no growth	0 / no growth / no growth / no growth	0 / no growth / no growth / no growth	0 / no growth / no growth / no growth	0 / no growth / no growth / no growth	0 / no growth / no growth / no growth	0 / no growth / no growth / no growth	0 / no growth / no growth / no growth	0 / no growth / no growth / no growth	0 / no growth / no growth / no growth	0 / no growth / no growth / no growth	0 / no growth / no growth / no growth	0 / no growth / no growth / no growth	0 / no growth / no growth / no growth	0 / no growth / no growth / no growth	0 / no growth / no growth / no growth	0 / no growth / no growth / no growth
A3R04	0 / no growth / no growth / no growth	0.22581553236984345 / 0.2258155323698378 / 0.22581553236983834 / 0.2258155323698382	0 / in community / in community / in community	0 / in community / in community / in community	0 / in community / in community / in community	0 / in community / in community / in community	0 / in community / in community / in community	1.0199541675225987 / 1.0199541675226025 / 1.0199541675226025 / 1.0199541675226025	0 / no growth / no growth / no growth	0 / no growth / no growth / no growth	0 / in community / in community / in community	0 / in community / in community / in community	0 / in community / in community / in community	0 / no growth / no growth / no growth	0 / in community / in community / in community	0.8240577747673383 / 0.8240577747253056 / 0.8240577747253074 / 0.8240577747253056	0.3824075412278514 / 0.3824075412278517 / 0.3824075412278516 / 0.3824075412278516	0 / in community / in community / in community	0.8107327998256609 / 0.8107327998256587 / 0.8107327998256569 / 0.8107327998256602	0 / in community / in community / in community	0 / in community / in community / in community	0 / in community / in community / in community
A3R06	0 / no growth / no growth / no growth	0 / no growth / no growth / no growth	0 / no growth / no growth / no growth	0 / no growth / no growth / no growth	0 / no growth / no growth / no growth	0 / no growth / no growth / no growth	0 / no growth / no growth / no growth	0 / no growth / no growth / no growth	0 / no growth / no growth / no growth	0 / no growth / no growth / no growth	0 / no growth / no growth / no growth	0 / no growth / no growth / no growth	0 / no growth / no growth / no growth	0 / no growth / no growth / no growth	0 / no growth / no growth / no growth	0 / no growth / no growth / no growth	0 / no growth / no growth / no growth	0 / no growth / no growth / no growth	0 / no growth / no growth / no growth	0 / no growth / no growth / no growth	0 / no growth / no growth / no growth	0 / no growth / no growth / no growth
A3R12	0 / in community / no growth / no growth	0.3638436032246636 / 0.3638436032246624 / 0.3638436032246624 / 0.3638436032246624	0 / in community / in community / in community	0 / in community / in community / in community	1.0915308096747545 / 1.0915308096739875 / 1.0915308096739875 / 1.0915308096739875	0 / in community / in community / in community	0 / in community / in community / in community	1.4521052015317 / 1.4521052015316729 / 1.4521052015316729 / 1.452105201531672	0 / no growth / no growth / no growth	0 / no growth / no growth / no growth	1.1028202461573744 / 1.1028202461573566 / 1.1028202461573566 / 1.1028202461573557	0 / in community / in community / in community	0.727687206449318 / 0.7276872064493238 / 0.7276872064493212 / 0.7276872064493224	0 / no growth / no growth / no growth	0 / in community / in community / in community	1.0915308096739977 / 1.0915308096739818 / 1.0915308096739818 / 1.0915308096739818	0.7260526007658492 / 0.7260526007658364 / 0.7260526007658364 / 0.7260526007658364	0 / no growth / in community / in community	0 / in community / in community / in community	0 / in community / in community / in community	0.7260526007658318 / 0.7260526007658359 / 0.7260526007658359 / 0.7260526007658359	0 / in community / in community / in community
A3R16	0 / no growth / no growth / no growth	0 / no growth / no growth / no growth	1.165329535021793 / 1.1653295350221784 / 1.1653295350221706 / 1.1653295350221706	0 / no growth / no growth / no growth	0 / no growth / no growth / no growth	0 / no growth / no growth / no growth	0 / no growth / no growth / no growth	0 / no growth / no growth / no growth	0 / no growth / no growth / no growth	0 / no growth / no growth / no growth	0 / no growth / no growth / no growth	0 / no growth / no growth / no growth	0 / no growth / no growth / no growth	0 / no growth / no growth / no growth	0 / no growth / no growth / no growth	0 / no growth / no growth / no growth	0 / no growth / no growth / no growth	0 / no growth / no growth / no growth	0 / no growth / no growth / no growth	0 / no growth / no growth / no growth	0 / no growth / no growth / no growth	0 / no growth / no growth / no growth
B2M06	0 / no growth / no growth / no growth	0 / in community / in community / in community	0 / in community / in community / in community	0 / in community / in community / in community	0 / in community / in community / in community	0 / in community / in community / in community	0 / in community / in community / in community	0 / in community / in community / in community	0 / no growth / no growth / no growth	0 / no growth / no growth / no growth	0 / in community / in community / in community	0 / in community / in community / no growth	0 / in community / in community / in community	0 / no growth / no growth / no growth	0 / in community / in community / in community	0 / in community / in community / in community	0 / in community / in community / in community	0 / in community / in community / in community	0 / in community / in community / in community	0 / in community / in community / in community	0 / in community / in community / in community	0 / in community / in community / in community
B2M13	0 / no growth / no growth / no growth	0 / no growth / no growth / no growth	0 / no growth / no growth / no growth	0 / no growth / no growth / no growth	0 / no growth / no growth / no growth	0 / no growth / no growth / no growth	0 / no growth / no growth / no growth	0 / no growth / no growth / no growth	0 / no growth / no growth / no growth	0 / no growth / no growth / no growth	0 / no growth / no growth / no growth	0 / no growth / no growth / no growth	0 / no growth / no growth / no growth	0 / no growth / no growth / no growth	0 / no growth / no growth / no growth	0 / no growth / no growth / no growth	0 / no growth / no growth / no growth	0 / no growth / no growth / no growth	0 / no growth / no growth / no growth	0 / no growth / no growth / no growth	0 / no growth / no growth / no growth	0 / no growth / no growth / no growth
B2M17	0 / no growth / no growth / no growth	0 / no growth / no growth / no growth	0 / no growth / no growth / no growth	0 / no growth / no growth / no growth	0 / no growth / no growth / no growth	0 / no growth / no growth / no growth	0 / no growth / no growth / no growth	0 / no growth / no growth / no growth	0 / no growth / no growth / no growth	0 / no growth / no growth / no growth	0 / no growth / no growth / no growth	0 / no growth / no growth / no growth	0 / no growth / no growth / no growth	0 / no growth / no growth / no growth	0 / no growth / no growth / no growth	0 / no growth / no growth / no growth	0 / no growth / no growth / no growth	0 / no growth / no growth / no growth	0 / no growth / no growth / no growth	0 / no growth / no growth / no growth	0 / no growth / no growth / no growth	0 / no growth / no growth / no growth
B3M02	0 / in community / no growth / no growth	0 / in community / in community / in community	1.3873505571219111 / 1.3873505571219462 / 1.387350557121946 / 1.3873505571219455	0 / in community / in community / in community	0.7586500316756947 / 0.7586500316756855 / 0.7586500316756855 / 0.7586500316756852	0 / in community / in community / in community	0.17731763932106842 / 0.17731763932107417 / 0.17731763932107394 / 0.17731763932107394	1.4527148294204029 / 1.4527148294206473 / 1.4527148294206473 / 1.4527148294206473	0 / no growth / no growth / no growth	0 / no growth / no growth / no growth	0 / in community / in community / in community	0 / in community / in community / in community	0 / no growth / in community / in community	0 / no growth / no growth / no growth	0.8033624215331838 / 0.8033624215331782 / 0.8033624215331783 / 0.8033624215331783	0.7586500316756892 / 0.7586500316756852 / 0.7586500316756878 / 0.7586500316756878	0.1981929367317253 / 0.19819293673170627 / 0.19819293673170615 / 0.19819293673170615	0 / in community / in community / in community	0 / in community / in community / in community	0 / in community / in community / in community	0.3546352786421375 / 0.35463527864214833 / 0.3546352786421479 / 0.3546352786421479	0 / in community / in community / in community
B3R10	0 / in community / no growth / no growth	0.17895598023891363 / 0.17895598023891393 / 0.17895598023891393 / 0.17895598023891393	0 / in community / in community / in community	0 / in community / in community / in community	0.6290818380689114 / 0.6290818380689134 / 0.6290818380689134 / 0.6290818380689134	0 / in community / in community / in community	0 / in community / in community / in community	0.8921907430898303 / 0.8921907430898329 / 0.8921907430898315 / 0.8921907430898315	0 / no growth / no growth / no growth	0 / no growth / no growth / no growth	0.8828230516893161 / 0.8828230516893112 / 0.8828230516893112 / 0.8828230516893112	0 / no growth / in community / in community	0 / in community / in community / in community	0 / no growth / no growth / no growth	0 / no growth / in community / in community	0.7375859388492044 / 0.7375859388492048 / 0.7375859388492048 / 0.7375859388492048	0.34197140449326036 / 0.34197140449326047 / 0.34197140449326047 / 0.34197140449326047	0 / in community / in community / in community	0 / in community / in community / in community	0 / no growth / in community / in community	0.35758316924239003 / 0.35758316924237327 / 0.35758316924237327 / 0.35758316924237327	0 / in community / in community / in community
B3R18	0 / no growth / no growth / no growth	0 / no growth / no growth / no growth	0 / no growth / no growth / no growth	0 / no growth / no growth / no growth	0 / no growth / no growth / no growth	0 / no growth / no growth / no growth	0 / no growth / no growth / no growth	0 / no growth / no growth / no growth	0 / no growth / no growth / no growth	0 / no growth / no growth / no growth	0 / no growth / no growth / no growth	0 / no growth / no growth / no growth	0 / no growth / no growth / no growth	0 / no growth / no growth / no growth	0 / no growth / no growth / no growth	0 / no growth / no growth / no growth	0 / no growth / no growth / no growth	0 / no growth / no growth / no growth	0 / no growth / no growth / no growth	0 / no growth / no growth / no growth	0 / no growth / no growth / no growth	0 / no growth / no growth / no growth
C1M14	0 / no growth / no growth / no growth	0.26382414025384043 / 0.2638241402538364 / 0.2638241402538364 / 0.2638241402538364	0 / in community / in community / in community	0 / no growth / in community / in community	0.6981885684388073 / 0.698188568438805 / 0.698188568438805 / 0.698188568438805	0 / in community / in community / in community	0 / in community / in community / in community	1.021446433282284 / 1.021446433282287 / 1.021446433282287 / 1.021446433282287	0 / no growth / no growth / no growth	0 / no growth / no growth / no growth	0 / in community / in community / in community	0 / in community / in community / in community	0 / no growth / in community / in community	0 / no growth / no growth / no growth	0 / in community / in community / in community	0.8253943875391607 / 0.825394387541502 / 0.825394387541502 / 0.825394387541502	0.3829566110285587 / 0.3829566110285597 / 0.3829566110285597 / 0.3829566110285597	0.8119189597884797 / 0.8119189597884787 / 0.8119189597884787 / 0.8119189597884787	0.81191895978849 / 0.8119189597884812 / 0.8119189597884812 / 0.8119189597884812	0 / in community / in community / in community	0 / in community / in community / in community	0 / in community / in community / in community
C1R06	0 / no growth / no growth / no growth	0.406510785452441 / 0.4065107854524268 / 0.4065107854524268 / 0.4065107854524268	0 / in community / in community / in community	0.8173384331317057 / 0.8173384331324887 / 0.8173384331324887 / 0.8173384331324887	0.9341010664371431 / 0.9341010664371312 / 0.9341010664371312 / 0.9341010664371312	0 / in community / in community / in community	0.11527158682759162 / 0.11527158682758597 / 0.11527158682758597 / 0.11527158682758597	1.3832590419310211 / 1.3832590419310251 / 1.3832590419310251 / 1.3832590419310251	0 / no growth / no growth / no growth	0 / no growth / no growth / no growth	1.4127714149025743 / 1.4127714149030648 / 1.4127714149030648 / 1.4127714149030648	1.0550054276544378 / 1.0550054277808867 / 1.0550054277808867 / 1.0550054277808867	0 / in community / in community / in community	0 / no growth / no growth / no growth	0 / no growth / no growth / in community	1.0534970027093995 / 1.0534970027095354 / 1.0534970027095354 / 1.0534970027095354	0.5763579341379367 / 0.5763579341379291 / 0.5763579341379291 / 0.5763579341379291	0 / in community / in community / in community	0 / in community / in community / in community	1.383259041931038 / 1.383259041931025 / 1.383259041931025 / 1.383259041931025	0.576357934137936 / 0.5763579341379255 / 0.5763579341379255 / 0.5763579341379255	0 / in community / in community / in community
C2M11	0 / in community / in community / no growth	0.36404820800755955 / 0.3640482080075575 / 0.3640482080075575 / 0.3640482080075575	1.8202410400404982 / 1.8202410400377815 / 1.8202410400377804 / 1.8202410400377809	0 / in community / in community / in community	1.092144624022663 / 1.0921446240226675 / 1.092144624022672 / 1.092144624022672	0 / in community / in community / in community	0 / in community / no growth / in community	1.452775598940789 / 1.4527755989407942 / 1.4527755989407942 / 1.4527755989407942	0 / no growth / no growth / no growth	0 / no growth / in community / in community	1.1034468268378361 / 1.1034468268753377 / 1.1034468268753377 / 1.1034468268753406	0 / in community / in community / in community	0 / in community / in community / in community	0 / no growth / no growth / no growth	1.5018204598748743 / 1.5018204598727043 / 1.5018204598727067 / 1.5018204598727067	1.0921446240226482 / 1.092144624022666 / 1.092144624022666 / 1.092144624022666	0.7263877994704108 / 0.7263877994703924 / 0.7263877994703924 / 0.7263877994703924	0 / in community / in community / in community	0 / in community / in community / in community	1.4527755989414084 / 1.4527755989407942 / 1.4527755989407942 / 1.4527755989407942	0.7263877994704149 / 0.7263877994703943 / 0.7263877994703943 / 0.7263877994703943	0 / in community / in community / in community
C2R02	0 / no growth / no growth / no growth	0.36385838972106754 / 0.3638583897210655 / 0.363858389721066 / 0.363858389721066	1.8040385053515782 / 1.8040385053515902 / 1.8040385053515902 / 1.8040385053515902	0 / in community / in community / in community	1.0915751691631963 / 1.0915751691631925 / 1.0915751691631925 / 1.0915751691631925	0 / in community / in community / in community	0 / in community / in community / in community	1.3940174491905026 / 1.3940174491904582 / 1.3940174491904582 / 1.3940174491904582	0 / no growth / no growth / no growth	0 / no growth / no growth / no growth	1.1028655280095785 / 1.1028655280095676 / 1.1028655280095676 / 1.1028655280095676	0 / in community / in community / in community	0 / in community / in community / in community	0 / no growth / no growth / no growth	0 / in community / in community / in community	1.0915751691631972 / 1.0915751691631985 / 1.0915751691631985 / 1.0915751691631985	0.6970087245951974 / 0.6970087245952281 / 0.6970087245952292 / 0.6970087245952292	0 / in community / in community / in community	0 / in community / in community / in community	0 / in community / in community / in community	0 / in community / no growth / in community	0 / in community / in community / in community
C2R09	0 / no growth / no growth / no growth	0 / no growth / no growth / no growth	0 / no growth / no growth / no growth	0 / no growth / no growth / no growth	0 / no growth / no growth / no growth	0 / no growth / no growth / no growth	0 / no growth / no growth / no growth	0 / no growth / no growth / no growth	0 / no growth / no growth / no growth	0 / no growth / no growth / no growth	0 / no growth / no growth / no growth	0 / no growth / no growth / no growth	0 / no growth / no growth / no growth	0 / no growth / no growth / no growth	0 / no growth / no growth / no growth	0 / no growth / no growth / no growth	0 / no growth / no growth / no growth	0 / no growth / no growth / no growth	0 / no growth / no growth / no growth	0 / no growth / no growth / no growth	0 / no growth / no growth / no growth	0 / no growth / no growth / no growth
C3M06	0 / no growth / no growth / no growth	0.48410338230352673 / 0.48410338230353517 / 0.48410338230353517 / 0.48410338230353517	0 / in community / in community / in community	0 / in community / in community / in community	0 / in community / in community / in community	0 / in community / in community / in community	0.2420516911517724 / 0.24205169115176578 / 0.24205169115176578 / 0.24205169115176578	1.4523101469106416 / 1.4523101469105708 / 1.4523101469106174 / 1.4523101469106174	0 / no growth / no growth / no growth	0 / no growth / no growth / no growth	0 / in community / in community / in community	0 / in community / no growth / in community	0 / in community / in community / in community	0 / no growth / no growth / no growth	0 / in community / in community / in community	1.2102584557588212 / 1.2102584557588434 / 1.2102584557588434 / 1.210258455758839	0.72615507345532 / 0.7261550734553015 / 0.7261550734553015 / 0.7261550734553015	0 / in community / no growth / in community	1.2102584557587976 / 1.2102584557588718 / 1.2102584557588718 / 1.2102584557588718	1.4523101469105895 / 1.452310146910597 / 1.452310146910597 / 1.452310146910597	0 / in community / no growth / in community	0 / in community / in community / in community
C3M10	0 / no growth / no growth / no growth	0 / no growth / no growth / no growth	0 / no growth / no growth / no growth	0 / no growth / no growth / no growth	0 / no growth / no growth / no growth	0 / no growth / no growth / no growth	0 / no growth / no growth / no growth	0 / no growth / no growth / no growth	0 / no growth / no growth / no growth	0 / no growth / no growth / no growth	0 / no growth / no growth / no growth	0 / no growth / no growth / no growth	0 / no growth / no growth / no growth	0 / no growth / no growth / no growth	0 / no growth / no growth / no growth	0 / no growth / no growth / no growth	0 / no growth / no growth / no growth	0 / no growth / no growth / no growth	0 / no growth / no growth / no growth	0 / no growth / no growth / no growth	0 / no growth / no growth / no growth	0 / no growth / no growth / no growth
C3R12	0 / no growth / in community / no growth	0.21677262945256762 / 0.21677262945256673 / 0.21677262945256673 / 0.21677262945256673	1.1494061167841603 / 1.149406116784162 / 1.149406116784161 / 1.1494061167841552	0 / in community / in community / in community	0.6027111309312096 / 0.602711130931201 / 0.6027111309312021 / 0.6027111309312021	0.9437294056396588 / 0.9437294056396597 / 0.9437294056396619 / 0.9437294056396632	0.06876926401160127 / 0.06876926401160144 / 0.06876926401160156 / 0.06876926401160147	0.9096187042309987 / 0.9096187042309984 / 0.9096187042309984 / 0.909618704231003	0 / no growth / no growth / no growth	0 / no growth / no growth / no growth	0 / in community / in community / in community	0 / in community / in community / in community	0 / in community / in community / in community	0 / no growth / no growth / no growth	0 / in community / in community / in community	0.7417895646506402 / 0.7417895646506358 / 0.7417895646506366 / 0.7417895646506376	0.3333011695245177 / 0.3333011695246558 / 0.33330116952465716 / 0.333301169524655	0 / no growth / in community / in community	0.7125346517029226 / 0.7125346516476079 / 0.7125346516476163 / 0.7125346516476144	0.8378951444506488 / 0.8378951444506415 / 0.8378951444506482 / 0.8378951444506482	0 / in community / in community / in community	0.3479006422221371 / 0.3479006422221392 / 0.3479006422221392 / 0.34790064222214095
C3R15	0 / no growth / no growth / no growth	0 / no growth / no growth / no growth	0 / no growth / no growth / no growth	0 / no growth / no growth / no growth	0 / no growth / no growth / no growth	0 / no growth / no growth / no growth	0 / no growth / no growth / no growth	0 / no growth / no growth / no growth	0 / no growth / no growth / no growth	0 / no growth / no growth / no growth	0 / no growth / no growth / no growth	0 / no growth / no growth / no growth	0 / no growth / no growth / no growth	0 / no growth / no growth / no growth	0 / no growth / no growth / no growth	0 / no growth / no growth / no growth	0 / no growth / no growth / no growth	0 / no growth / no growth / no growth	0 / no growth / no growth / no growth	0 / no growth / no growth / no growth	0 / no growth / no growth / no growth	0 / no growth / no growth / no growth
C3R17	0 / no growth / no growth / no growth	0.3786847751329296 / 0.3786847751329348 / 0.3786847751329354 / 0.3786847751329354	0 / no growth / no growth / in community	0 / in community / in community / in community	0 / in community / in community / in community	0 / in community / in community / in community	0 / in community / in community / in community	0 / in community / in community / in community	0 / no growth / no growth / no growth	0 / no growth / no growth / no growth	0 / in community / in community / in community	0 / in community / in community / in community	0 / in community / in community / in community	0 / no growth / no growth / no growth	0 / in community / in community / in community	1.0557756479373608 / 1.0557756479373461 / 1.0557756479373464 / 1.0557756479373464	0.5775861688828889 / 0.5775861688827989 / 0.5775861688827989 / 0.5775861688827989	0 / in community / in community / in community	0 / in community / in community / in community	1.3862068053187369 / 1.3862068053187282 / 1.3862068053187282 / 1.3862068053187282	0.5775861688828814 / 0.5775861688828018 / 0.5775861688828018 / 0.5775861688828018	0 / in community / in community / in community
D2M02	0 / no growth / no growth / no growth	0 / no growth / no growth / no growth	0 / no growth / no growth / no growth	0 / no growth / no growth / no growth	0 / no growth / no growth / no growth	0 / no growth / no growth / no growth	0 / no growth / no growth / no growth	0 / no growth / no growth / no growth	0 / in community / no growth / in community	0 / no growth / no growth / no growth	0 / no growth / no growth / no growth	0 / no growth / no growth / no growth	0 / no growth / no growth / no growth	0 / no growth / no growth / no growth	0 / no growth / no growth / no growth	0 / no growth / no growth / no growth	0 / no growth / no growth / no growth	0 / no growth / no growth / no growth	0 / no growth / no growth / no growth	0 / no growth / no growth / no growth	0 / no growth / no growth / no growth	0 / no growth / no growth / no growth
D2M19	0 / no growth / no growth / no growth	0 / in community / in community / in community	0 / in community / in community / in community	0 / in community / in community / in community	0 / in community / in community / in community	0 / in community / no growth / in community	0 / in community / in community / in community	1.0025808044430213 / 1.0025808044369446 / 1.0025808044369438 / 1.0025808044369438	0 / no growth / no growth / no growth	0 / no growth / no growth / no growth	0 / in community / in community / in community	0 / in community / in community / in community	0 / in community / in community / in community	0 / no growth / no growth / no growth	0 / in community / no growth / no growth	0 / in community / in community / in community	0 / in community / in community / in community	0 / no growth / in community / in community	0.7945672729543473 / 0.7945672729955512 / 0.7945672729955512 / 0.7945672729955512	0 / in community / in community / in community	0 / in community / in community / in community	0 / in community / in community / in community
D2R04	0 / no growth / no growth / no growth	0 / no growth / no growth / no growth	0 / no growth / no growth / no growth	0 / no growth / no growth / no growth	0 / no growth / no growth / no growth	0 / no growth / no growth / no growth	0 / no growth / no growth / no growth	0 / no growth / no growth / no growth	0 / no growth / no growth / no growth	0 / no growth / no growth / no growth	0 / no growth / no growth / no growth	0 / no growth / no growth / no growth	0 / no growth / no growth / no growth	0 / no growth / no growth / no growth	0 / no growth / no growth / no growth	0 / no growth / no growth / no growth	0 / no growth / no growth / no growth	0 / no growth / no growth / no growth	0 / no growth / no growth / no growth	0 / no growth / no growth / no growth	0 / no growth / no growth / no growth	0 / no growth / no growth / no growth
D2R05	0 / no growth / no growth / no growth	0.2243878807235879 / 0.22438788072358912 / 0.22438788072358912 / 0.22438788072358976	1.1918996046433776 / 1.1918996046433719 / 1.1918996046433719 / 1.1918996046433732	0 / no growth / in community / in community	0.6253065496148995 / 0.625306549614896 / 0.625306549614896 / 0.625306549614896	0 / in community / in community / in community	0.04663377266144392 / 0.04663377266144642 / 0.04663377266144642 / 0.046633772661446075	0.9432165458938255 / 0.9432165458938051 / 0.9432165458938051 / 0.9432165458938051	0 / no growth / no growth / no growth	0 / no growth / no growth / no growth	0 / in community / in community / in community	0 / in community / in community / in community	0.35721590161341515 / 0.35721590161341055 / 0.35721590161341055 / 0.35721590161341055	0 / no growth / no growth / no growth	0 / in community / in community / in community	0.7397547160743658 / 0.7397547160743491 / 0.7397547160743471 / 0.7397547160743471	0.3430513749981201 / 0.34305137499812005 / 0.34305137499812005 / 0.34305137499812005	0 / in community / in community / in community	0.7388529609501648 / 0.7388529609501472 / 0.7388529609501472 / 0.738852960950148	0 / in community / in community / in community	0.3536853717725641 / 0.3536853717725547 / 0.3536853717725547 / 0.35368537177255355	0 / in community / in community / in community
D2R18	0 / no growth / no growth / no growth	0 / no growth / no growth / no growth	0 / no growth / no growth / no growth	0 / no growth / no growth / no growth	0 / no growth / no growth / no growth	0 / no growth / no growth / no growth	0 / no growth / no growth / no growth	0 / no growth / no growth / no growth	0 / no growth / no growth / no growth	0 / no growth / no growth / no growth	0 / no growth / no growth / no growth	0 / no growth / no growth / no growth	0 / no growth / no growth / no growth	0 / no growth / no growth / no growth	0 / no growth / no growth / no growth	0 / no growth / no growth / no growth	0 / no growth / no growth / no growth	0 / no growth / no growth / no growth	0 / no growth / no growth / no growth	0 / no growth / no growth / no growth	0 / no growth / no growth / no growth	0 / no growth / no growth / no growth
D3R19	0 / no growth / no growth / no growth	0 / in community / in community / in community	0 / in community / in community / in community	0 / in community / in community / in community	0 / in community / in community / in community	0 / in community / in community / in community	0 / in community / in community / in community	0 / in community / in community / in community	0 / no growth / no growth / no growth	0 / no growth / no growth / no growth	0 / in community / in community / in community	0 / no growth / in community / in community	0 / in community / no growth / in community	0 / no growth / no growth / no growth	0 / in community / in community / in community	0 / in community / in community / in community	0 / in community / in community / in community	0 / in community / in community / in community	0 / in community / in community / in community	0 / in community / in community / in community	0 / in community / in community / in community	0 / in community / in community / in community
E2M01	0 / no growth / no growth / no growth	0 / in community / in community / in community	0.7158630652772174 / 0.7158630652771018 / 0.715863065277102 / 0.715863065277102	0.5725105034490385 / 0.5725105034490378 / 0.5725105034490378 / 0.5725105034490378	0.627739406379658 / 0.6277394063796452 / 0.6277394063796452 / 0.6277394063796452	0 / no growth / in community / in community	0.022217878880478704 / 0.022217878880582326 / 0.022217878880582326 / 0.022217878880582326	0.8919218391938525 / 0.8919218391938281 / 0.8919218391938281 / 0.8919218391938281	0 / no growth / no growth / no growth	0 / no growth / no growth / no growth	0 / in community / in community / in community	0 / in community / in community / in community	0 / no growth / no growth / in community	0 / no growth / no growth / no growth	0 / in community / in community / in community	0.7401462805601781 / 0.7401462805601624 / 0.7401462805601624 / 0.7401462805601624	0 / in community / in community / in community	0 / in community / in community / in community	0 / in community / in community / in community	0 / in community / in community / in community	0 / no growth / no growth / in community	0 / in community / in community / in community
E3M09	0 / no growth / no growth / no growth	0 / no growth / no growth / no growth	0 / no growth / no growth / no growth	0 / no growth / no growth / no growth	0 / no growth / no growth / no growth	0 / no growth / no growth / no growth	0 / no growth / no growth / no growth	0 / no growth / no growth / no growth	0 / no growth / no growth / no growth	0 / no growth / no growth / no growth	0 / no growth / no growth / no growth	0 / no growth / no growth / no growth	0 / no growth / no growth / no growth	0 / no growth / no growth / no growth	0 / no growth / no growth / no growth	0 / no growth / no growth / no growth	0 / no growth / no growth / no growth	0 / no growth / no growth / no growth	0 / no growth / no growth / no growth	0 / no growth / no growth / no growth	0 / no growth / no growth / no growth	0 / no growth / no growth / no growth
E3M17	0 / in community / no growth / no growth	0 / in community / in community / in community	0 / in community / in community / in community	0 / no growth / in community / in community	0 / in community / in community / in community	0 / no growth / no growth / in community	0 / no growth / no growth / no growth	0 / in community / in community / in community	0 / no growth / no growth / no growth	0 / no growth / no growth / no growth	0 / no growth / in community / in community	0 / no growth / in community / in community	0 / in community / in community / in community	0 / no growth / no growth / no growth	0 / in community / no growth / in community	0 / in community / in community / in community	0 / in community / in community / in community	0 / in community / in community / no growth	0 / in community / in community / in community	0 / in community / in community / in community	0 / in community / in community / in community	0 / no growth / in community / in community
E3M18	0 / in community / no growth / no growth	0 / in community / in community / in community	0 / no growth / in community / in community	0 / in community / in community / in community	0.6713383652676796 / 0.6713383652689311 / 0.6713383652689311 / 0.6713383652689311	0 / no growth / in community / in community	0 / in community / in community / in community	0.9447161467992252 / 0.9447161467992211 / 0.9447161467992211 / 0.9447161467992211	0 / no growth / no growth / no growth	0 / no growth / no growth / no growth	0 / in community / in community / in community	0 / in community / in community / in community	0 / in community / in community / in community	0 / no growth / no growth / no growth	0 / in community / in community / in community	0.7734246638379533 / 0.7734246638407812 / 0.7734246638407812 / 0.7734246638407812	0.3524816826462842 / 0.35248168264626106 / 0.35248168264626106 / 0.35248168264626106	0 / in community / in community / in community	0 / in community / in community / in community	0.9522961256595667 / 0.952296125659562 / 0.952296125659562 / 0.952296125659562	0 / no growth / in community / in community	0 / in community / in community / in community
E3R01	0 / in community / no growth / no growth	0 / in community / in community / in community	0 / in community / in community / in community	0 / in community / in community / in community	0 / in community / in community / in community	0 / in community / in community / in community	0 / in community / in community / in community	0 / in community / in community / in community	0 / no growth / no growth / no growth	0 / no growth / in community / no growth	0 / in community / in community / in community	0 / no growth / in community / in community	0 / no growth / no growth / in community	0 / no growth / no growth / no growth	0 / in community / in community / in community	1.1361065441880955 / 1.1361065441879663 / 1.1361065441879663 / 1.1361065441879663	0 / in community / in community / in community	0 / in community / in community / in community	0 / in community / in community / in community	0 / in community / in community / in community	0.7263156395598181 / 0.7263156398155695 / 0.7263156398155705 / 0.7263156398155705	0 / in community / in community / in community
E3R09	0 / no growth / no growth / no growth	0.26112169422753956 / 0.2611216942275424 / 0.2611216942275424 / 0.2611216942275424	0 / in community / in community / in community	0 / in community / no growth / in community	0 / in community / in community / in community	0 / in community / in community / in community	0 / in community / in community / no growth	1.022617943618698 / 1.022617943618701 / 1.022617943618701 / 1.022617943618701	0 / no growth / no growth / no growth	0 / no growth / no growth / no growth	1.033351897573773 / 1.033351897573772 / 1.033351897573772 / 1.033351897573772	0 / in community / in community / in community	0 / in community / in community / in community	0 / no growth / no growth / no growth	0 / in community / in community / in community	0.820954859753969 / 0.8209548597543703 / 0.8209548597543703 / 0.8209548597543703	0.3818077422967366 / 0.3818077422967381 / 0.3818077422967381 / 0.3818077422967381	0 / in community / in community / no growth	0 / in community / in community / in community	0 / in community / in community / in community	0.38614038573645154 / 0.38614038573645887 / 0.38614038573645887 / 0.38614038573645887	0 / in community / in community / in community
E3R11	0 / in community / in community / no growth	0.25498949186319575 / 0.25498949186319275 / 0.25498949186319403 / 0.254989491863194	1.2616333913131523 / 1.2616333913131643 / 1.2616333913131659 / 1.2616333913131659	0 / no growth / in community / in community	0.6688782907498733 / 0.6688782907498758 / 0.6688782907498758 / 0.6688782907498758	0 / in community / in community / in community	0 / in community / in community / in community	0.9858159091361582 / 0.9858159091361579 / 0.9858159091361579 / 0.9858159091361579	0 / no growth / no growth / no growth	0 / no growth / in community / in community	1.0378482803754954 / 1.0378482803754787 / 1.0378482803754756 / 1.0378482803754885	0 / in community / in community / in community	0 / no growth / in community / in community	0 / no growth / no growth / no growth	0.4937633598481225 / 0.4937633598481244 / 0.49376335984812547 / 0.49376335984812547	0.8235630986192609 / 0.8235630986097029 / 0.8235630986096957 / 0.8235630986096957	0.37190426472692045 / 0.37190426472692073 / 0.3719042647269186 / 0.3719042647269186	0 / in community / in community / in community	0 / in community / in community / in community	0 / in community / in community / in community	0 / in community / in community / no growth	0 / in community / in community / in community
E3R11_	0 / no growth / no growth / no growth	0 / in community / no growth / no growth	0 / no growth / in community / in community	0 / no growth / no growth / no growth	0 / in community / no growth / in community	0 / no growth / no growth / in community	0 / no growth / no growth / no growth	0 / no growth / in community / in community	0 / no growth / no growth / no growth	0 / no growth / no growth / no growth	0 / no growth / in community / no growth	0 / no growth / no growth / no growth	0 / in community / in community / in community	0 / no growth / no growth / no growth	0 / no growth / no growth / in community	0 / no growth / no growth / no growth	0 / no growth / in community / no growth	0 / in community / in community / in community	0 / in community / in community / in community	0 / no growth / in community / no growth	0 / no growth / no growth / in community	0 / no growth / no growth / in community
E3R18	0 / in community / in community / no growth	0 / in community / in community / in community	0 / in community / in community / in community	0 / in community / in community / in community	0 / in community / in community / in community	0 / in community / in community / in community	0 / in community / in community / in community	0 / in community / in community / in community	0 / no growth / no growth / no growth	0 / no growth / in community / in community	0 / in community / in community / in community	0 / in community / no growth / in community	0 / in community / in community / in community	0 / no growth / no growth / no growth	0 / in community / in community / in community	0.7582885429643218 / 0.7582885429643104 / 0.7582885429643104 / 0.7582885429643104	0 / in community / in community / in community	0 / in community / in community / in community	0 / in community / in community / in community	0 / in community / in community / in community	0 / in community / in community / in community	0 / in community / in community / in community
F2R14	0 / no growth / no growth / no growth	0 / no growth / no growth / no growth	0 / no growth / no growth / no growth	0 / no growth / no growth / no growth	0 / no growth / no growth / no growth	0 / no growth / no growth / no growth	0 / no growth / no growth / no growth	0 / no growth / no growth / no growth	0 / no growth / no growth / no growth	0 / no growth / no growth / no growth	0 / no growth / no growth / no growth	0 / no growth / no growth / no growth	0 / no growth / no growth / no growth	0 / no growth / no growth / no growth	0 / no growth / no growth / no growth	0 / no growth / no growth / no growth	0 / no growth / no growth / no growth	0 / no growth / no growth / no growth	0 / no growth / no growth / no growth	0 / no growth / no growth / no growth	0 / no growth / no growth / no growth	0 / no growth / no growth / no growth
F3M07	0 / no growth / no growth / no growth	0 / in community / in community / in community	0 / in community / in community / in community	0 / in community / in community / in community	0 / in community / in community / in community	0 / no growth / in community / no growth	0 / in community / no growth / in community	0 / in community / no growth / in community	0 / no growth / no growth / no growth	0 / no growth / no growth / no growth	0 / in community / in community / in community	0 / in community / in community / in community	0 / in community / no growth / in community	0 / no growth / no growth / no growth	0 / in community / in community / in community	0 / in community / in community / no growth	0 / in community / in community / in community	0 / in community / in community / in community	0 / in community / in community / in community	0 / in community / in community / in community	0 / in community / in community / in community	0 / no growth / in community / in community
F3M07_	0 / no growth / no growth / no growth	0 / in community / in community / in community	0 / no growth / in community / in community	0 / in community / in community / in community	0 / in community / in community / in community	0 / no growth / in community / in community	0 / in community / in community / in community	0 / in community / in community / in community	0 / no growth / no growth / no growth	0 / no growth / no growth / no growth	0 / in community / in community / in community	0 / in community / in community / in community	0 / in community / in community / in community	0 / no growth / no growth / no growth	0 / in community / in community / no growth	0 / in community / in community / in community	0 / in community / in community / in community	0 / no growth / in community / in community	0 / in community / in community / in community	0 / in community / in community / in community	0 / no growth / in community / no growth	0 / in community / in community / in community
F3R08	0 / no growth / no growth / no growth	0 / in community / in community / in community	0 / in community / in community / in community	0 / no growth / in community / in community	0 / in community / in community / in community	0 / in community / in community / in community	0 / in community / in community / in community	1.452105201531657 / 1.4521052015316673 / 1.4521052015316653 / 1.4521052015316653	0 / no growth / no growth / no growth	0 / no growth / no growth / no growth	0 / in community / in community / in community	0 / in community / in community / no growth	0 / in community / in community / in community	0 / no growth / no growth / no growth	0 / in community / in community / in community	0 / in community / in community / in community	0 / in community / in community / in community	0 / no growth / in community / in community	1.2100876679414774 / 1.210087667943062 / 1.210087667943062 / 1.210087667943062	0 / in community / in community / in community	0 / in community / in community / no growth	0 / in community / in community / in community
F3R11	0 / no growth / no growth / no growth	0 / no growth / no growth / no growth	0 / no growth / no growth / no growth	0 / no growth / no growth / no growth	0 / no growth / no growth / no growth	0 / no growth / no growth / no growth	0 / no growth / no growth / no growth	0 / in community / in community / in community	0 / no growth / no growth / no growth	0 / no growth / no growth / no growth	0 / no growth / no growth / no growth	0 / no growth / no growth / no growth	0 / no growth / no growth / no growth	0 / no growth / no growth / no growth	0 / no growth / no growth / no growth	0 / no growth / no growth / no growth	0 / no growth / no growth / no growth	0 / no growth / no growth / no growth	0 / no growth / no growth / no growth	0 / no growth / no growth / no growth	0 / no growth / no growth / no growth	0 / no growth / no growth / no growth
G2M07	0 / no growth / no growth / no growth	0 / no growth / no growth / no growth	0 / no growth / no growth / no growth	0 / no growth / no growth / no growth	0 / no growth / no growth / no growth	0 / no growth / no growth / no growth	0 / no growth / no growth / no growth	0 / no growth / no growth / no growth	0 / no growth / no growth / no growth	0 / no growth / no growth / no growth	0 / no growth / no growth / no growth	0 / no growth / no growth / no growth	0 / no growth / no growth / no growth	0 / no growth / no growth / no growth	0 / no growth / no growth / no growth	0 / no growth / no growth / no growth	0 / no growth / no growth / no growth	0 / no growth / no growth / no growth	0 / no growth / no growth / no growth	0 / no growth / no growth / no growth	0 / no growth / no growth / no growth	0 / no growth / no growth / no growth
G2R10	0 / in community / no growth / no growth	0.4019856506118616 / 0.4019856506118587 / 0.4019856506118575 / 0.4019856506118575	1.8312679638991607 / 1.831267963898466 / 1.831267963898466 / 1.8312679638984637	0 / in community / in community / in community	0.9184581203189923 / 0.918458120319001 / 0.918458120319001 / 0.918458120319001	1.4036378311072086 / 1.4036378311071644 / 1.403637831107164 / 1.403637831107164	0.11696981925893574 / 0.11696981925893027 / 0.11696981925893048 / 0.11696981925893048	1.4036378311071696 / 1.4036378311071638 / 1.4036378311071638 / 1.4036378311071644	0 / no growth / no growth / no growth	0 / no growth / no growth / no growth	0 / in community / in community / in community	0 / in community / in community / in community	0 / in community / in community / in community	0 / no growth / no growth / no growth	0 / in community / in community / in community	1.069261339308837 / 1.069261339308843 / 1.069261339308843 / 1.069261339308843	0.5848490962947281 / 0.5848490962946516 / 0.5848490962946553 / 0.5848490962946553	0 / in community / in community / in community	1.1696981925893042 / 1.1696981925893062 / 1.169698192589306 / 1.169698192589306	1.4036378311071762 / 1.4036378311071687 / 1.4036378311071687 / 1.403637831107165	0.5848490962946591 / 0.5848490962946499 / 0.5848490962946535 / 0.5848490962946522	0.5917070309898252 / 0.5917070309885588 / 0.5917070309885588 / 0.5917070309885578
G2R14	0 / no growth / no growth / no growth	0 / no growth / no growth / no growth	0 / no growth / no growth / no growth	0 / no growth / no growth / no growth	0 / no growth / no growth / no growth	0 / no growth / no growth / no growth	0 / no growth / no growth / no growth	0 / no growth / no growth / no growth	0 / no growth / no growth / no growth	0 / no growth / no growth / no growth	0 / no growth / no growth / no growth	0 / no growth / no growth / no growth	0 / no growth / no growth / no growth	0 / no growth / no growth / no growth	0 / no growth / no growth / no growth	0 / no growth / no growth / no growth	0 / no growth / no growth / no growth	0 / no growth / no growth / no growth	0 / no growth / no growth / no growth	0 / no growth / no growth / no growth	0 / no growth / no growth / no growth	0 / no growth / no growth / no growth
G3M19	0 / no growth / no growth / no growth	0 / in community / in community / in community	0 / in community / in community / in community	0 / in community / in community / in community	0 / in community / in community / in community	0 / in community / in community / no growth	0 / no growth / in community / no growth	0 / in community / no growth / in community	0 / no growth / no growth / no growth	0 / no growth / no growth / no growth	0 / in community / in community / in community	0 / no growth / in community / in community	0 / no growth / in community / in community	0 / no growth / no growth / no growth	0 / in community / in community / in community	0 / in community / in community / in community	0 / in community / in community / in community	0 / no growth / in community / in community	0 / in community / in community / in community	0 / in community / in community / in community	0 / no growth / in community / in community	0 / no growth / in community / in community
I2M19	0 / no growth / no growth / no growth	0 / no growth / no growth / no growth	0 / no growth / no growth / no growth	0 / no growth / no growth / no growth	0 / no growth / no growth / no growth	0 / no growth / no growth / no growth	0 / no growth / no growth / no growth	0 / no growth / no growth / no growth	0 / no growth / no growth / no growth	0 / no growth / no growth / no growth	0 / no growth / no growth / no growth	0 / no growth / no growth / no growth	0 / no growth / no growth / no growth	0 / no growth / no growth / no growth	0 / no growth / no growth / no growth	0 / no growth / no growth / no growth	0 / no growth / no growth / no growth	0 / no growth / no growth / no growth	0 / no growth / no growth / no growth	0 / no growth / no growth / no growth	0 / no growth / no growth / no growth	0 / no growth / no growth / no growth
I2R16	0 / no growth / no growth / no growth	0.17887254711290992 / 0.17887254711290415 / 0.17887254711290415 / 0.17887254711290415	0 / in community / in community / in community	0 / no growth / in community / in community	0.6228519725352931 / 0.6228519725270463 / 0.6228519725270463 / 0.6228519725270463	0 / in community / in community / in community	0 / in community / in community / in community	0.891766106998679 / 0.89176610699868 / 0.89176610699868 / 0.8917661069986801	0 / no growth / no growth / no growth	0 / no growth / no growth / no growth	0.8824020173661202 / 0.8824020173661105 / 0.8824020173661113 / 0.8824020173661113	0 / in community / in community / in community	0 / no growth / in community / in community	0 / no growth / no growth / no growth	0 / no growth / in community / in community	0.7369679564249124 / 0.7369679564249075 / 0.7369679564249075 / 0.7369679564249075	0.3418092531979045 / 0.3418092531979015 / 0.3418092531979015 / 0.3418092531979015	0 / in community / in community / in community	0 / in community / in community / in community	0 / in community / in community / in community	0.35741061610538 / 0.35741061610537495 / 0.35741061610537495 / 0.35741061610537495	0 / in community / in community / in community
I3M07	0 / in community / in community / no growth	0.4432096842470579 / 0.443209684247029 / 0.4432096842470295 / 0.44320968424702945	1.8614806738375136 / 1.8614806738375214 / 1.8614806738375214 / 1.8614806738375214	0 / in community / in community / in community	0.9184581203189979 / 0.9184581203189941 / 0.9184581203189941 / 0.918458120318995	0 / in community / in community / in community	0.11696981925894644 / 0.11696981925892931 / 0.11696981925893063 / 0.11696981925893077	1.4036378311071762 / 1.403637831107167 / 1.4036378311071684 / 1.4036378311071678	0 / in community / no growth / in community	0 / no growth / no growth / no growth	1.4289623772318838 / 1.4289623772319504 / 1.4289623772319442 / 1.4289623772319442	0 / in community / in community / in community	0 / in community / in community / in community	0 / no growth / no growth / no growth	0 / in community / in community / in community	1.069261339308859 / 1.0692613393088428 / 1.0692613393088455 / 1.0692613393088457	0.5848490962946534 / 0.5848490962946506 / 0.5848490962946529 / 0.5848490962946506	0 / in community / no growth / in community	1.1696981925893062 / 1.169698192589304 / 1.169698192589302 / 1.1696981925893024	1.4036378311071565 / 1.4036378311071656 / 1.4036378311071662 / 1.4036378311071656	0 / in community / in community / in community	0.5917070309869771 / 0.5917070309885565 / 0.5917070309885565 / 0.5917070309885593
m_1A01	0 / no growth / no growth / no growth	0.4426219729258122 / 0.44262197292767697 / 0.442621972927679 / 0.442621972927679	1.8590122862962801 / 1.8590122862962453 / 1.8590122862962475 / 1.8590122862962475	0 / in community / in community / in community	0.9184510684684809 / 0.9184510684684738 / 0.9184510684684738 / 0.9184510684684738	1.4036271942087784 / 1.4036271942086234 / 1.4036271942086234 / 1.4036271942086234	0.11696893285073257 / 0.11696893285073029 / 0.11696893285073029 / 0.11696893285073029	1.4036271942087652 / 1.403627194208762 / 1.403627194208762 / 1.403627194208762	0 / no growth / no growth / no growth	0 / no growth / no growth / no growth	0 / in community / in community / in community	0 / no growth / in community / in community	0 / no growth / in community / in community	0 / no growth / no growth / no growth	0 / in community / in community / in community	1.0692531090916826 / 1.069253109091664 / 1.0692531090916644 / 1.0692531090916644	0.5848446642536556 / 0.5848446642536514 / 0.5848446642536517 / 0.5848446642536517	0 / in community / in community / in community	1.1696893285073153 / 1.1696893285073067 / 1.1696893285073067 / 1.1696893285073067	0 / in community / in community / in community	0.5848446642536524 / 0.5848446642536517 / 0.5848446642536517 / 0.5848446642536517	0.5917024944019532 / 0.5917024943984235 / 0.5917024943984225 / 0.5917024943984225
m_3B05	0 / no growth / no growth / no growth	0 / no growth / no growth / no growth	0 / no growth / no growth / no growth	0 / no growth / no growth / no growth	0 / in community / in community / in community	0 / no growth / no growth / no growth	0 / no growth / no growth / no growth	0 / no growth / no growth / no growth	0 / no growth / no growth / no growth	0 / no growth / no growth / no growth	0 / no growth / no growth / no growth	0 / no growth / no growth / no growth	0 / no growth / no growth / no growth	0 / no growth / no growth / no growth	0 / no growth / no growth / no growth	0 / no growth / no growth / no growth	0 / no growth / no growth / no growth	0 / no growth / no growth / no growth	0 / no growth / no growth / no growth	0 / no growth / no growth / no growth	0 / no growth / no growth / no growth	0 / no growth / no growth / no growth
m_3C02	0 / no growth / no growth / no growth	0.44330925841273106 / 0.4433092584127313 / 0.44330925841273433 / 0.4433092584127336	1.8618988853334828 / 1.8618988853334668 / 1.8618988853334668 / 1.8618988853334668	0 / in community / in community / in community	0.9184581203189975 / 0.9184581203189993 / 0.9184581203189993 / 0.9184581203189993	1.4036378311071707 / 1.4036378311071687 / 1.4036378311071696 / 1.4036378311071673	0.11696981925892956 / 0.11696981925893042 / 0.11696981925893044 / 0.11696981925893044	1.403637831107267 / 1.4036378311071707 / 1.4036378311071664 / 1.4036378311071698	0 / no growth / no growth / no growth	0 / no growth / no growth / no growth	0 / in community / in community / in community	0 / in community / in community / in community	0 / in community / in community / in community	0 / no growth / no growth / no growth	0 / in community / in community / in community	1.069261339309458 / 1.0692613393088446 / 1.0692613393088446 / 1.069261339308843	0.584849096294652 / 0.5848490962946529 / 0.5848490962946529 / 0.5848490962946518	0 / in community / in community / in community	1.169698192589157 / 1.1696981925893073 / 1.1696981925893093 / 1.1696981925893106	1.4036378311071733 / 1.4036378311071658 / 1.4036378311071658 / 1.4036378311071658	0.584849096294681 / 0.5848490962946522 / 0.5848490962946532 / 0.5848490962946532	0.5917070309886056 / 0.5917070309885584 / 0.591707030988559 / 0.591707030988559
m_3D05	0 / no growth / no growth / no growth	0.22469086199917823 / 0.2246908619991745 / 0.22469086199917454 / 0.22469086199917565	1.1935901290597515 / 1.1935901290597442 / 1.1935901290597442 / 1.1935901290597442	0 / in community / in community / in community	0 / in community / in community / in community	0 / in community / in community / in community	0 / in community / in community / in community	0.9445531283075994 / 0.944553128304286 / 0.9445531283042834 / 0.9445531283042834	0 / no growth / no growth / no growth	0 / no growth / no growth / no growth	0.9214068081538515 / 0.921406808153847 / 0.921406808153852 / 0.9214068081538319	0 / no growth / in community / in community	0.35772284269387306 / 0.35772284269387306 / 0.3577228426938735 / 0.3577228426938735	0 / no growth / no growth / no growth	1.297572317540048 / 1.2975723175400247 / 1.2975723175400153 / 1.2975723175400224	0.7413016841131828 / 0.741301684113165 / 0.7413016841131651 / 0.7413016841131707	0.34352380294428553 / 0.3435238029442791 / 0.3435238029442791 / 0.3435238029442809	0 / in community / in community / in community	0 / in community / in community / in community	0 / in community / in community / no growth	0 / no growth / in community / in community	0 / in community / in community / in community
m_4A10	0 / no growth / no growth / no growth	0 / no growth / no growth / no growth	0 / no growth / no growth / no growth	0 / no growth / no growth / no growth	0 / no growth / no growth / no growth	0 / no growth / no growth / no growth	0 / no growth / no growth / no growth	0 / no growth / no growth / no growth	0 / no growth / no growth / no growth	0 / no growth / no growth / no growth	0 / no growth / no growth / no growth	0 / no growth / no growth / no growth	0 / no growth / no growth / no growth	0 / no growth / no growth / no growth	0 / no growth / no growth / no growth	0 / no growth / no growth / no growth	0 / no growth / no growth / no growth	0 / no growth / no growth / no growth	0 / no growth / no growth / no growth	0 / no growth / no growth / no growth	0 / no growth / no growth / no growth	0 / no growth / no growth / no growth
m_4B03	0 / no growth / no growth / no growth	0.3638423212151176 / 0.3638423212151181 / 0.3638423212151181 / 0.3638423212151181	0 / in community / in community / in community	0 / in community / in community / in community	0 / in community / no growth / in community	0 / in community / in community / in community	0 / in community / in community / in community	1.4030368051109823 / 1.403036805110984 / 1.403036805110984 / 1.403036805110984	0 / no growth / no growth / no growth	0 / no growth / no growth / no growth	1.1028163201603742 / 1.1028163201603787 / 1.1028163201603787 / 1.1028163201603787	0 / in community / in community / in community	0 / in community / in community / in community	0 / no growth / no growth / no growth	0 / in community / in community / in community	1.0915269636453588 / 1.0915269636453533 / 1.0915269636453535 / 1.0915269636453535	0.5845986687962444 / 0.5845986687962426 / 0.5845986687962426 / 0.5845986687962426	0 / in community / in community / in community	1.1691973375924811 / 1.169197337592486 / 1.169197337592486 / 1.169197337592486	0 / in community / in community / in community	0.5845986687962379 / 0.5845986687962444 / 0.5845986687962444 / 0.5845986687962444	0 / in community / in community / in community
m_4E07	0 / no growth / no growth / no growth	0 / no growth / no growth / no growth	0 / no growth / no growth / no growth	0 / no growth / no growth / no growth	0 / no growth / no growth / no growth	0 / no growth / no growth / no growth	0 / no growth / no growth / no growth	0 / no growth / no growth / no growth	0 / no growth / no growth / no growth	0 / no growth / no growth / no growth	0 / no growth / no growth / no growth	0 / no growth / no growth / no growth	0 / no growth / no growth / no growth	0 / no growth / no growth / no growth	0 / no growth / no growth / no growth	0 / no growth / no growth / no growth	0 / no growth / no growth / no growth	0 / no growth / no growth / no growth	0 / no growth / no growth / no growth	0 / no growth / no growth / no growth	0 / no growth / no growth / no growth	0 / no growth / no growth / no growth
m_4F10	0 / no growth / no growth / no growth	0 / no growth / no growth / no growth	0 / no growth / no growth / no growth	0 / no growth / no growth / no growth	0 / no growth / no growth / no growth	0 / no growth / no growth / no growth	0 / no growth / no growth / no growth	0 / no growth / no growth / no growth	0 / no growth / no growth / no growth	0 / no growth / no growth / no growth	0 / no growth / no growth / no growth	0 / no growth / no growth / no growth	0 / no growth / no growth / no growth	0 / no growth / no growth / no growth	0 / no growth / no growth / no growth	0 / no growth / no growth / no growth	0 / no growth / no growth / no growth	0 / no growth / no growth / no growth	0 / no growth / no growth / no growth	0 / no growth / no growth / no growth	0 / no growth / no growth / no growth	0 / no growth / no growth / no growth
m_5C01	0 / no growth / no growth / no growth	0 / no growth / no growth / no growth	0 / no growth / no growth / no growth	0 / no growth / no growth / no growth	0 / no growth / no growth / no growth	0 / no growth / no growth / no growth	0 / no growth / no growth / no growth	0 / no growth / no growth / no growth	0 / no growth / no growth / no growth	0 / no growth / no growth / no growth	0 / no growth / no growth / no growth	0 / no growth / no growth / no growth	0 / no growth / no growth / no growth	0 / no growth / no growth / no growth	0 / no growth / no growth / no growth	0 / no growth / no growth / no growth	0 / no growth / no growth / no growth	0 / no growth / no growth / no growth	0 / no growth / no growth / no growth	0 / no growth / no growth / no growth	0 / no growth / no growth / no growth	0 / no growth / no growth / no growth
m_6C06	0 / no growth / no growth / no growth	0.217011452369546 / 0.21701145236954403 / 0.2170114523695439 / 0.2170114523695439	1.169622145922563 / 1.1696221459225704 / 1.1696221459225646 / 1.1696221459225677	0 / in community / in community / in community	0.6082074111645165 / 0.6082074111645104 / 0.6082074111645113 / 0.6082074111645112	0 / in community / in community / in community	0.06780984066863222 / 0.06780984066863094 / 0.06780984066863094 / 0.06780984066863094	0.9348909081587429 / 0.934890908158741 / 0.9348909081587423 / 0.9348909081587391	0 / no growth / no growth / no growth	0 / no growth / no growth / no growth	0 / in community / in community / in community	0 / no growth / no growth / in community	0 / no growth / in community / in community	0 / no growth / no growth / no growth	0 / in community / in community / in community	0.7420964366695719 / 0.7420964366695759 / 0.7420964366695759 / 0.7420964366695707	0.35029955638405497 / 0.3502995563840558 / 0.3502995563840561 / 0.3502995563840558	0 / in community / in community / in community	0 / in community / in community / in community	0 / in community / in community / in community	0 / in community / in community / in community	0 / in community / in community / in community
m_6D02	0 / no growth / no growth / no growth	0 / no growth / no growth / no growth	0 / in community / no growth / in community	0 / in community / in community / in community	0 / in community / no growth / in community	0 / in community / in community / in community	0 / no growth / in community / in community	0 / no growth / in community / no growth	0 / no growth / no growth / no growth	0 / no growth / no growth / no growth	0 / in community / in community / in community	0 / no growth / in community / in community	0 / no growth / in community / in community	0 / no growth / no growth / no growth	0 / in community / in community / in community	0 / in community / in community / in community	0 / in community / in community / no growth	0 / no growth / in community / in community	0 / in community / in community / in community	0 / in community / in community / in community	0 / in community / in community / in community	0 / in community / in community / in community
m_6D03	0 / no growth / no growth / no growth	0.48425285553728364 / 0.4842528555372765 / 0.48425285553727565 / 0.48425285553727654	1.9370114221490906 / 1.9370114221491037 / 1.9370114221491066 / 1.9370114221491037	0 / in community / in community / in community	1.452758566611814 / 1.4527585666118257 / 1.4527585666118257 / 1.4527585666118257	0 / in community / in community / in community	0.24212642776864912 / 0.24212642776863885 / 0.2421264277686389 / 0.24212642776863805	1.4527585666118255 / 1.452758566611827 / 1.452758566611827 / 1.452758566611827	0 / no growth / no growth / no growth	0 / no growth / no growth / no growth	1.4527585666117626 / 1.452758566611831 / 1.4527585666118283 / 1.452758566611831	0 / in community / in community / in community	0 / no growth / in community / in community	0 / no growth / no growth / no growth	0 / in community / no growth / in community	1.2106321388431964 / 1.2106321388431909 / 1.2106321388431875 / 1.2106321388431909	0.7263792833058981 / 0.7263792833059145 / 0.7263792833059133 / 0.7263792833059145	0 / in community / in community / in community	1.2106321388431893 / 1.2106321388431869 / 1.2106321388431887 / 1.2106321388431869	0 / in community / in community / in community	0 / in community / in community / in community	0.7342080183710696 / 0.7342080183710705 / 0.7342080183710694 / 0.7342080183710705
